Time,NodeID,Random,Message From Device
03 Feb 2022 10:43:46 PM,A000001,Cloud App Received Hello World 1
03 Feb 2022 10:43:54 PM,A000001,Cloud App Received Hello World 2
03 Feb 2022 10:44:02 PM,A000001,Cloud App Received Hello World 3
03 Feb 2022 10:44:10 PM,A000001,Cloud App Received Hello World 4
03 Feb 2022 10:44:18 PM,A000001,Cloud App Received Hello World 5
03 Feb 2022 10:44:26 PM,A000001,Cloud App Received Hello World 6
03 Feb 2022 10:44:35 PM,A000001,Cloud App Received Hello World 7
03 Feb 2022 10:44:43 PM,A000001,Cloud App Received Hello World 8
03 Feb 2022 10:44:51 PM,A000001,Cloud App Received Hello World 9
03 Feb 2022 10:44:59 PM,A000001,Cloud App Received Hello World 10
